Locus	Gene	Nclades	Gregarious_NumSites	NonGregarious_NumSites	Gregarious_AccAverage	NonGregarious_AccAverage	Gregarious_AccMedian	NonGregarious_AccMedian	Gregarious_ConsAverage	NonGregarious_ConsAverage	Gregarious_ConsMedian	NonGregarious_ConsMedian	NonGregarious_OverallAverage	Gregarious_OverallMedian	NonGregarious_OverallMedian
Hmel200274o_10360_25922	Hmel.Hmel200274oG2	6	10389.0	10845.0	-0.697282943525	-0.703131402086	-0.543	-0.554	0.390709719599	0.403077335375	0.345	0.36	-0.0370601198709	0.233	0.217
Hmel203003o_10000167_10025313	Hmel.Hmel203003oG567.hnrnpf	7	13795.0	14612.0	-0.687490814196	-0.612303627595	-0.536	-0.501	0.376059855636	0.434760337296	0.344	0.399	0.093024226663	0.237	0.293
Hmel203003o_10006168_10031314	Hmel.Hmel203003oG558.smad6	4	14229.0	14925.0	-0.669747688514	-0.618583365949	-0.519	-0.496	0.384652958769	0.436079572084	0.351	0.398	0.0749855946399	0.242	0.286
Hmel203003o_10023331_10061146	Hmel.Hmel203003oG568	1	26518.0	27256.0	-0.681818517276	-0.642668610301	-0.532	-0.507	0.370444608819	0.395793498194	0.335	0.357	0.0429465071911	0.232	0.24
Hmel203003o_10029332_10067147	Hmel.Hmel203003oG559	5	26327.0	26886.0	-0.685429484983	-0.642195510251	-0.54	-0.503	0.364808195788	0.385908014321	0.329	0.35	0.0520401324109	0.23	0.241
Hmel203003o_10079927_10111585	Hmel.Hmel203003oG569.cg3690	3	21566.0	22169.0	-0.666468468468	-0.633448989413	-0.518	-0.49	0.381271936082	0.435426427077	0.341	0.395	0.034664441337	0.2335	0.25
Hmel203003o_10085928_10117586	Hmel.Hmel203003oG562.cg15221	5	19018.0	19635.0	-0.659195964537	-0.636559479554	-0.515	-0.493	0.382243347227	0.438023217384	0.342	0.396	0.0258125286478	0.234	0.246
Hmel203003o_10142714_10198591	Hmel.Hmel203003oG572	7	38769.0	39630.0	-0.673204817475	-0.60892827402	-0.525	-0.472	0.377349159482	0.427382179101	0.344	0.387	0.0945233409034	0.24	0.291
Hmel203003o_10148715_10204592	Hmel.Hmel203003oG573.chat	2	37834.0	38691.0	-0.673535511145	-0.606770477265	-0.525	-0.472	0.375435949082	0.4284647164	0.342	0.389	0.0965772660309	0.239	0.291
Hmel203003o_10200811_10226551	Hmel.Hmel203003oG574	6	11776.0	12231.0	-0.720682808717	-0.643086034318	-0.5705	-0.5135	0.351188072195	0.403599751089	0.317	0.366	0.044520889543	0.221	0.249
Hmel203003o_10222561_10244829	Hmel.Hmel203003oG575.vacht	7	15469.0	15952.0	-0.685739075706	-0.623592201306	-0.538	-0.4905	0.368267561566	0.417424809231	0.333	0.376	0.0776846790371	0.226	0.265
Hmel203003o_10228562_10250830	Hmel.Hmel203003oG577	7	15735.0	16296.0	-0.694733791917	-0.614230671965	-0.543	-0.489	0.371783770161	0.430518401487	0.337	0.39	0.0756011904762	0.222	0.2675
Hmel203003o_10239140_10271433	Hmel.Hmel203003oG576	7	20281.0	21405.0	-0.698409933685	-0.611393931147	-0.54	-0.491	0.363200434378	0.430363118953	0.331	0.3865	0.0726956318617	0.22	0.264
Hmel203003o_10245141_10277434	Hmel.Hmel203003oG578.ty3b-g	1	17585.0	18750.0	-0.696032697121	-0.620582980653	-0.546	-0.493	0.362364513535	0.427679660458	0.33	0.3865	0.0577966933333	0.219	0.255
Hmel203003o_1038790_1123140	Hmel.Hmel203003oG60	7	57423.0	58642.0	-0.680601745661	-0.672600710589	-0.523	-0.522	0.406225123949	0.414348454414	0.355	0.367	-0.00822013232837	0.244	0.222
Hmel203003o_1107768_1129141	Hmel.Hmel203003oG61	7	14712.0	15058.0	-0.697492977528	-0.666342096039	-0.5325	-0.517	0.397376336349	0.409600940975	0.346	0.356	0.00188869703812	0.2335	0.217
Hmel203003o_1130197_1218589	Hmel.Hmel203003oG63.beat-iia	5	53175.0	54219.0	-0.671748563536	-0.679708217141	-0.512	-0.529	0.409938788311	0.411432743173	0.357	0.364	-0.0215702429038	0.248	0.219
Hmel203003o_114620_151982	Hmel.Hmel203003oG5	6	23079.0	23677.0	-0.680812610118	-0.625588385536	-0.547	-0.491	0.381814511333	0.417318820052	0.348	0.3725	0.0896511804705	0.244	0.281
Hmel203003o_1194201_1259882	Hmel.Hmel203003oG64	6	36256.0	37208.0	-0.683528518018	-0.662509500449	-0.53	-0.514	0.408886046021	0.420279964812	0.357	0.372	-0.000898597075898	0.245	0.227
Hmel203003o_1224591_1275869	Hmel.Hmel203003oG65	5	27553.0	28702.0	-0.662682901554	-0.632523986916	-0.503	-0.492	0.415530637323	0.43553119349	0.362	0.384	0.0259773186538	0.251	0.245
Hmel203003o_123232_162522	Hmel.Hmel203003oG6	5	22568.0	23440.0	-0.686714023831	-0.623540413534	-0.553	-0.4995	0.378262340098	0.42346592046	0.343	0.379	0.090782337884	0.243	0.282
Hmel203003o_1265884_1308263	Hmel.Hmel203003oG67.tfpi	7	27635.0	28898.0	-0.64409249527	-0.651987053074	-0.489	-0.504	0.414879145743	0.43160197273	0.364	0.383	-0.00572582877708	0.253	0.234
Hmel203003o_1281871_1335231	Hmel.Hmel203003oG68.beat-iia	3	29908.0	32072.0	-0.654810305124	-0.656425011192	-0.499	-0.515	0.417766960895	0.429795822175	0.367	0.384	-0.0241057620354	0.251	0.224
Hmel203003o_1314265_1353200	Hmel.Hmel203003oG69	6	17939.0	20394.0	-0.695179363848	-0.668834510595	-0.542	-0.529	0.400867670089	0.427136122004	0.351	0.382	-0.0521696577425	0.227	0.186
Hmel203003o_1341233_1387106	Hmel.Hmel203003oG66	7	20076.0	21595.0	-0.687005819593	-0.67455676464	-0.54	-0.544	0.387058869274	0.411966406435	0.337	0.368	-0.0365294281084	0.225	0.202
Hmel203003o_1464366_1505648	Hmel.Hmel203003oG73	7	24618.0	25216.0	-0.689080356069	-0.679113109986	-0.531	-0.531	0.384794357559	0.407795330446	0.341	0.362	0.00766164340102	0.231	0.22
Hmel203003o_1492184_1515008	Hmel.Hmel203003oG72.root	7	15634.0	15960.0	-0.665630562393	-0.706721396966	-0.524	-0.569	0.385436105477	0.398535610465	0.342	0.361	-0.0396890977444	0.236	0.201
Hmel203003o_1524259_1545395	Hmel.Hmel203003oG77	6	14263.0	14644.0	-0.665926904811	-0.606742101106	-0.508	-0.475	0.389348938429	0.431155532359	0.352	0.392	0.0722431029773	0.245	0.262
Hmel203003o_1531004_1562429	Hmel.Hmel203003oG79.emc1	4	21164.0	21848.0	-0.665393808395	-0.662577592733	-0.515	-0.506	0.387516329593	0.403104223531	0.345	0.363	0.0164970248993	0.236	0.228
Hmel203003o_1551397_1582515	Hmel.Hmel203003oG80.syp	6	19785.0	20145.0	-0.701662286257	-0.712755022489	-0.559	-0.555	0.361551340114	0.366482374768	0.319	0.332	0.00914738148424	0.228	0.222
Hmel203003o_1568431_1601533	Hmel.Hmel203003oG81	7	22195.0	22399.0	-0.696826693227	-0.697565990898	-0.549	-0.533	0.353609876706	0.375731383681	0.311	0.338	0.028283762668	0.221	0.23
Hmel203003o_1588517_1607534	Hmel.Hmel203003oG93.cg42613	6	13439.0	13751.0	-0.662230769231	-0.69846013579	-0.521	-0.526	0.383356116329	0.391604467194	0.337	0.348	-0.0170409424769	0.223	0.213
Hmel203003o_1613424_1647527	Hmel.Hmel203003oG82	7	21635.0	22591.0	-0.678609611587	-0.688102052197	-0.52	-0.542	0.391005769231	0.40725453211	0.346	0.365	-0.0274746580497	0.228	0.217
Hmel203003o_166428_199478	Hmel.Hmel203003oG8.cg9701	5	13361.0	14459.0	-0.699141036534	-0.64500360475	-0.554	-0.5145	0.376457529181	0.401713127373	0.341	0.356	0.0603121930977	0.237	0.263
Hmel203003o_172429_206737	Hmel.Hmel203003oG9	7	12929.0	14085.0	-0.713469498418	-0.646073218143	-0.5605	-0.525	0.36559132071	0.403877525119	0.33	0.362	0.0587392971246	0.232	0.257
Hmel203003o_1740912_1784393	Hmel.Hmel203003oG99.arl6ip4	7	26452.0	27526.0	-0.671551601423	-0.653082467929	-0.526	-0.51	0.388221577138	0.414517340714	0.35	0.371	0.0335696795757	0.247	0.242
Hmel203003o_1746913_1805651	Hmel.Hmel203003oG101	7	32267.0	33501.0	-0.667418240147	-0.660970496522	-0.519	-0.506	0.398134616285	0.421476945794	0.356	0.376	0.017364526432	0.248	0.24
Hmel203003o_1790395_1812427	Hmel.Hmel203003oG92.cg8507	4	11827.0	12060.0	-0.681646044864	-0.680424134313	-0.533	-0.513	0.405022260274	0.415695544894	0.36	0.374	-0.0173898839138	0.241	0.229
Hmel203003o_1811653_1862084	Hmel.Hmel203003oG100.rnf19b	5	27444.0	28567.0	-0.670092715232	-0.643806960082	-0.5175	-0.498	0.382412952107	0.4127502261	0.345	0.372	0.0514044876956	0.239	0.254
Hmel203003o_1865560_1884026	Hmel.Hmel203003oG102.ankhd1	7	13015.0	13132.0	-0.713603804603	-0.6806	-0.5655	-0.532	0.354072285029	0.377406472785	0.315	0.344	0.0313710021322	0.221	0.237
Hmel203003o_1871561_1897727	Hmel.Hmel203003oG105.eed-a	5	18444.0	18835.0	-0.67786464135	-0.684794808585	-0.537	-0.527	0.376466890327	0.388387888433	0.338	0.353	-0.00453315635784	0.239	0.223
Hmel203003o_1896941_1915961	Hmel.Hmel203003oG106.cg11836	6	11961.0	12192.0	-0.699813740857	-0.688609657948	-0.549	-0.55	0.378136112136	0.396442544371	0.333	0.359	-0.00164132217848	0.234	0.231
Hmel203003o_1919441_1951194	Hmel.Hmel203003oG109	6	22171.0	22758.0	-0.683602015443	-0.667808132291	-0.517	-0.515	0.38745925671	0.403618206619	0.347	0.364	-0.0120432375428	0.235	0.218
Hmel203003o_1925442_1957195	Hmel.Hmel203003oG111.col2a1	4	20610.0	21090.0	-0.682743262212	-0.670790683678	-0.5135	-0.516	0.389903455435	0.410237521515	0.349	0.37	-0.0156127548601	0.234	0.214
Hmel203003o_1947377_1976727	Hmel.Hmel203003oG110.gyc89db	4	18227.0	18971.0	-0.651408681409	-0.71244869403	-0.497	-0.543	0.396529285596	0.401600593006	0.351	0.363	-0.0390628327447	0.25	0.204
Hmel203003o_1985486_2065252	Hmel.Hmel203003oG116	7	51848.0	52355.0	-0.714327711137	-0.728826138764	-0.578	-0.582	0.358020381087	0.364728490499	0.312	0.329	-0.020913742718	0.224	0.214
Hmel203003o_1991487_2126749	Hmel.Hmel203003oG114	6	86318.0	87747.0	-0.716147572745	-0.738490497423	-0.581	-0.593	0.360092992097	0.364373779488	0.313	0.329	-0.0330857009356	0.223	0.205
Hmel203003o_2071254_2153665	Hmel.Hmel203003oG118	5	53286.0	54398.0	-0.705507844853	-0.727907869291	-0.565	-0.576	0.374324728148	0.373056586135	0.328	0.335	-0.0351045626677	0.229	0.206
Hmel203003o_2132751_2159666	Hmel.Hmel203003oG119	7	16166.0	16292.0	-0.686259321402	-0.696203227931	-0.536	-0.53	0.389262543973	0.3898537182	0.346	0.352	-0.0149178124233	0.239	0.22
Hmel203003o_215037_264078	Hmel.Hmel203003oG12	5	18611.0	19031.0	-0.666992532764	-0.619039418766	-0.516	-0.483	0.389032450826	0.434233959561	0.346	0.387	0.0762062424465	0.238	0.28
Hmel203003o_2180095_2198215	Hmel.Hmel203003oG121.ppk31	3	11495.0	12063.0	-0.688195575666	-0.666306398537	-0.521	-0.5365	0.39455673806	0.437490671925	0.342	0.407	-0.0630290972395	0.234	0.161
Hmel203003o_2202284_2229140	Hmel.Hmel203003oG123	7	17851.0	18290.0	-0.666312605325	-0.67935138539	-0.5145	-0.5405	0.398866577159	0.433264541063	0.35	0.397	-0.0497409513395	0.249	0.193
Hmel203003o_2240160_2308094	Hmel.Hmel203003oG126	5	48796.0	50019.0	-0.658576470588	-0.695018480493	-0.504	-0.529	0.403803875802	0.404046942706	0.352	0.362	-0.0560887862612	0.243	0.191
Hmel203003o_2246161_2319867	Hmel.Hmel203003oG127.chp	7	53475.0	54818.0	-0.654033361181	-0.688898903882	-0.499	-0.523	0.409343327703	0.406804254519	0.356	0.363	-0.0509013645153	0.244	0.195
Hmel203003o_2327935_2417615	Hmel.Hmel203003oG130	6	58655.0	61431.0	-0.662874084991	-0.706337509463	-0.507	-0.541	0.402539765013	0.407503755962	0.352	0.364	-0.0715326626622	0.235	0.174
Hmel203003o_2339473_2468503	Hmel.Hmel203003oG131	4	83437.0	86880.0	-0.670093292321	-0.710072863007	-0.517	-0.548	0.399238564237	0.400170742798	0.348	0.357	-0.0637214433702	0.233	0.182
Hmel203003o_2474505_2539578	Hmel.Hmel203003oG133	7	43760.0	44951.0	-0.651521227186	-0.701386540631	-0.495	-0.542	0.408725002634	0.403481125627	0.358	0.36	-0.0541623323174	0.237	0.198
Hmel203003o_2544329_2619591	Hmel.Hmel203003oG135.gst2	4	49379.0	51023.0	-0.666034885098	-0.691051536032	-0.517	-0.536	0.400636928758	0.402765775934	0.351	0.359	-0.0452399114125	0.238	0.201
Hmel203003o_2550330_2685035	Hmel.Hmel203003oG136.yl-1	6	89923.0	92404.0	-0.667786504279	-0.692345441576	-0.518	-0.536	0.397264363569	0.401165150567	0.348	0.357	-0.0301729687027	0.24	0.2135
Hmel203003o_270080_290478	Hmel.Hmel203003oG15	5	11726.0	12053.0	-0.694078167116	-0.62764024864	-0.549	-0.496	0.374455722695	0.411760986328	0.339	0.367	0.0788041981249	0.229	0.262
Hmel203003o_2720205_2789522	Hmel.Hmel203003oG138	5	40562.0	41712.0	-0.71085169997	-0.724772537972	-0.558	-0.566	0.373654033149	0.380549125433	0.326	0.341	-0.0521247362869	0.224	0.201
Hmel203003o_2788629_2803825	Hmel.Hmel203003oG142	7	10206.0	10633.0	-0.717325559408	-0.746713724527	-0.565	-0.582	0.353945542443	0.35364695122	0.31	0.316	-0.067849242923	0.224	0.181
Hmel203003o_2797879_2831678	Hmel.Hmel203003oG139	7	19903.0	20618.0	-0.697468722467	-0.70361289917	-0.554	-0.561	0.385791338883	0.393878790272	0.343	0.354	-0.0295109127946	0.233	0.214
Hmel203003o_2809827_2840873	Hmel.Hmel203003oG143	7	17527.0	18030.0	-0.68418739717	-0.693059125964	-0.5385	-0.54	0.388331994061	0.406518679724	0.347	0.362	-0.0205053799224	0.236	0.22
Hmel203003o_284488_323085	Hmel.Hmel203003oG16	7	24315.0	24958.0	-0.661619362059	-0.623376750541	-0.509	-0.48	0.411770871261	0.438338670788	0.366	0.391	0.064709111307	0.249	0.273
Hmel203003o_2864543_2890684	Hmel.Hmel203003oG147.karl	7	18804.0	19305.0	-0.669578422053	-0.695443745184	-0.53	-0.539	0.401406820365	0.400802413404	0.353	0.358	-0.0413303289303	0.243	0.202
Hmel203003o_2878564_2987526	Hmel.Hmel203003oG148.dy	7	60097.0	62383.0	-0.67026200852	-0.721594038325	-0.52	-0.561	0.392240812623	0.394675238378	0.345	0.351	-0.0591474600452	0.23	0.19
Hmel203003o_2896686_2993527	Hmel.Hmel203003oG154	5	50491.0	52734.0	-0.674293499211	-0.72417986014	-0.523	-0.564	0.386434222355	0.390990442399	0.339	0.348	-0.0626144991846	0.226	0.187
Hmel203003o_2988625_3007103	Hmel.Hmel203003oG155	5	10272.0	10622.0	-0.710510927348	-0.734794806517	-0.581	-0.573	0.367096427534	0.36476411712	0.318	0.327	-0.041851157974	0.223	0.2
Hmel203003o_3022366_3045300	Hmel.Hmel203003oG157.eclh	7	16445.0	16815.0	-0.691114885845	-0.711421618302	-0.546	-0.543	0.387292342753	0.393466802563	0.34	0.354	-0.0344926553672	0.237	0.212
Hmel203003o_3033973_3136821	Hmel.Hmel203003oG158.cg3085	3	55685.0	57450.0	-0.677885197301	-0.691681379431	-0.53	-0.535	0.398751474212	0.40703667263	0.352	0.364	-0.0288550913838	0.234	0.217
Hmel203003o_3051302_3142822	Hmel.Hmel203003oG152	5	46804.0	48439.0	-0.674581367501	-0.689416179541	-0.524	-0.5365	0.401518437313	0.406118002664	0.354	0.362	-0.0272194925576	0.232	0.218
Hmel203003o_3139899_3210913	Hmel.Hmel203003oG161	7	42195.0	43636.0	-0.677596595627	-0.684434697856	-0.523	-0.53	0.405737014742	0.41922425302	0.356	0.376	-0.0478756989642	0.237	0.208
Hmel203003o_3203077_3220558	Hmel.Hmel203003oG160	3	10652.0	11039.0	-0.703571319603	-0.680575592367	-0.532	-0.519	0.401215805924	0.436477511962	0.354	0.39	-0.0461048102183	0.228	0.204
Hmel203003o_3209078_3289181	Hmel.Hmel203003oG162	5	52750.0	54664.0	-0.685221955823	-0.680802627624	-0.517	-0.521	0.408921501192	0.420640965161	0.361	0.376	-0.0486573430411	0.23	0.208
Hmel203003o_3226560_3295182	Hmel.Hmel203003oG163	6	44771.0	46455.0	-0.684145629296	-0.682715557354	-0.519	-0.529	0.409210892277	0.416579507552	0.361	0.372	-0.0512982671402	0.231	0.208
Hmel203003o_3303300_3383947	Hmel.Hmel203003oG166	2	41093.0	42965.0	-0.680284444766	-0.69013246768	-0.528	-0.539	0.398119771026	0.407865661655	0.349	0.364	-0.0408658442919	0.239	0.203
Hmel203003o_3317471_3398220	Hmel.Hmel203003oG168	5	43338.0	45329.0	-0.679343081888	-0.691090674411	-0.531	-0.54	0.395259028949	0.402615148682	0.346	0.36	-0.0460240464162	0.233	0.197
Hmel203003o_332328_378918	Hmel.Hmel203003oG19.pol	3	27028.0	27489.0	-0.664212628866	-0.625401547816	-0.5155	-0.485	0.385096466471	0.417497777055	0.349	0.376	0.0743414456692	0.245	0.266
Hmel203003o_3389949_3429640	Hmel.Hmel203003oG167.cg34402	5	25751.0	26424.0	-0.656707905366	-0.689830243285	-0.506	-0.546	0.401942818682	0.406681330123	0.353	0.365	-0.0521488419619	0.245	0.202
Hmel203003o_3404222_3442623	Hmel.Hmel203003oG169	6	25054.0	25814.0	-0.649525858994	-0.68913117386	-0.498	-0.541	0.401921228144	0.406024827586	0.353	0.363	-0.0432122879058	0.244	0.208
Hmel203003o_3483792_3571197	Hmel.Hmel203003oG172	5	63146.0	64186.0	-0.681488798764	-0.745846930391	-0.53	-0.588	0.387493613612	0.369532320278	0.335	0.332	-0.0745792852024	0.231	0.189
Hmel203003o_3524853_3658776	Hmel.Hmel203003oG174.lig3	3	85705.0	88107.0	-0.673668287053	-0.723758438937	-0.524	-0.566	0.394936947348	0.386454127653	0.344	0.346	-0.0629887296129	0.234	0.196
Hmel203003o_35711_74265	Hmel.Hmel203003oG1	5	26121.0	26605.0	-0.691151890189	-0.648812324616	-0.539	-0.505	0.383121453026	0.400909527577	0.342	0.361	0.0493977071979	0.244	0.257
Hmel203003o_3577199_3664777	Hmel.Hmel203003oG175	7	52505.0	54542.0	-0.669430099657	-0.705795805983	-0.519	-0.553	0.40509826157	0.400691863204	0.354	0.358	-0.0598003006857	0.239	0.199
Hmel203003o_3676604_3717077	Hmel.Hmel203003oG179.cg33098	4	25189.0	26292.0	-0.705695700657	-0.717167221606	-0.557	-0.563	0.375543346185	0.397870090439	0.322	0.356	-0.0606641944318	0.231	0.192
Hmel203003o_3751064_3793565	Hmel.Hmel203003oG185.rtase	6	24226.0	25071.0	-0.711035732848	-0.722488224372	-0.5615	-0.572	0.372863944344	0.395644493867	0.319	0.356	-0.0607334769255	0.231	0.198
Hmel203003o_3793356_3829798	Hmel.Hmel203003oG181	6	23848.0	24619.0	-0.677580668782	-0.69972410455	-0.516	-0.548	0.394077104893	0.410057736721	0.346	0.368	-0.055600755514	0.229	0.197
Hmel203003o_3799567_3855018	Hmel.Hmel203003oG182.cg34402	6	35258.0	36655.0	-0.686395417591	-0.702579913676	-0.526	-0.552	0.397155495862	0.412753454477	0.347	0.37	-0.0595782839995	0.229	0.191
Hmel203003o_3835800_3875705	Hmel.Hmel203003oG186.men-b	3	26405.0	27415.0	-0.674332743915	-0.695858920435	-0.512	-0.535	0.400750342445	0.416282572018	0.354	0.374	-0.0466668612074	0.228	0.207
Hmel203003o_3861020_3884585	Hmel.Hmel203003oG187.men-b	4	15243.0	15629.0	-0.663154555122	-0.696769016698	-0.509	-0.534	0.402138318925	0.414667285231	0.36	0.376	-0.0452962441615	0.229	0.213
Hmel203003o_3896167_3911231	Hmel.Hmel203003oG609.cg2021	6	10327.0	10582.0	-0.63851561051	-0.731268065268	-0.49	-0.559	0.392019317541	0.386386999364	0.348	0.35	-0.0667164052164	0.249	0.202
Hmel203003o_3913985_3957617	Hmel.Hmel203003oG192.shawn	2	25620.0	26559.0	-0.671102552311	-0.718269902203	-0.5125	-0.56	0.394713331757	0.387228262261	0.346	0.346	-0.0681825369931	0.233	0.185
Hmel203003o_3963619_4013158	Hmel.Hmel203003oG196	5	25293.0	25995.0	-0.698292365402	-0.705781152218	-0.556	-0.555	0.393862961365	0.402681604865	0.346	0.36	-0.0606596653203	0.225	0.202
Hmel203003o_3977164_4113965	Hmel.Hmel203003oG197.pol	2	76430.0	79150.0	-0.689503783383	-0.710227244772	-0.542	-0.555	0.389129330908	0.396954149689	0.34	0.353	-0.0579484270373	0.222	0.197
Hmel203003o_4019160_4127202	Hmel.Hmel203003oG198	2	64462.0	66820.0	-0.691549223027	-0.717548981464	-0.544	-0.561	0.384437957426	0.389223373342	0.336	0.346	-0.0620488925471	0.218	0.192
Hmel203003o_4119967_4160111	Hmel.Hmel203003oG199	6	26108.0	26919.0	-0.697171499407	-0.731516228029	-0.549	-0.565	0.379422850692	0.3757753928	0.331	0.338	-0.0665406961626	0.214	0.194
Hmel203003o_4166113_4227850	Hmel.Hmel203003oG201	4	39886.0	41925.0	-0.67483025512	-0.715184071822	-0.522	-0.56	0.393922297948	0.403708718573	0.345	0.362	-0.0570589385808	0.229	0.198
Hmel203003o_4212162_4238107	Hmel.Hmel203003oG202	6	16841.0	17880.0	-0.657728963987	-0.695804976933	-0.497	-0.532	0.398630759425	0.407506385756	0.354	0.365	-0.0338798657718	0.234	0.208
Hmel203003o_4244109_4286381	Hmel.Hmel203003oG204.cg15890	7	27712.0	29118.0	-0.661737135506	-0.715228828379	-0.515	-0.547	0.401417863359	0.403089017476	0.353	0.362	-0.0581335599973	0.243	0.2
Hmel203003o_4278396_4304368	Hmel.Hmel203003oG213.ace	7	16831.0	17985.0	-0.661111991548	-0.719917931125	-0.503	-0.547	0.392583572453	0.405907457236	0.347	0.365	-0.0685229357798	0.234	0.181
Hmel203003o_4292383_4310369	Hmel.Hmel203003oG205.mlh3	5	11791.0	12737.0	-0.673755595575	-0.707057725611	-0.51	-0.548	0.376828567814	0.396520557029	0.337	0.358	-0.0537657219125	0.234	0.196
Hmel203003o_431856_490536	Hmel.Hmel203003oG28	6	37689.0	38528.0	-0.668734887671	-0.624770271237	-0.517	-0.474	0.398367480595	0.433508816942	0.352	0.386	0.0497013600498	0.251	0.263
Hmel203003o_4322873_4365813	Hmel.Hmel203003oG217.cg4884	5	29175.0	30244.0	-0.690114858612	-0.742989655172	-0.537	-0.581	0.383889562982	0.376473466274	0.336	0.335	-0.0636275955561	0.221	0.188
Hmel203003o_4338863_4401258	Hmel.Hmel203003oG218	5	41690.0	43092.0	-0.70737737221	-0.776853682507	-0.559	-0.611	0.374324229516	0.362094983329	0.32	0.319	-0.0951020375012	0.213	0.177
Hmel203003o_4397457_4514789	Hmel.Hmel203003oG219	7	81966.0	83765.0	-0.713469805751	-0.785017391043	-0.56	-0.613	0.375684009757	0.358595439055	0.322	0.319	-0.0959416820868	0.211	0.172
Hmel203003o_4403458_4520790	Hmel.Hmel203003oG209	7	82606.0	84394.0	-0.71071848331	-0.782297190427	-0.558	-0.611	0.3779737394	0.360338678855	0.324	0.32	-0.0950557504088	0.211	0.172
Hmel203003o_4517246_4543245	Hmel.Hmel203003oG211	7	18137.0	18568.0	-0.677197136564	-0.742634234475	-0.5265	-0.584	0.396384347678	0.379241167988	0.343	0.338	-0.0722158013787	0.222	0.184
Hmel203003o_4535566_4616085	Hmel.Hmel203003oG212	5	56102.0	57538.0	-0.713368394816	-0.771014125956	-0.572	-0.607	0.366345116695	0.355159290288	0.316	0.316	-0.0771427056902	0.22	0.18
Hmel203003o_4549247_4622086	Hmel.Hmel203003oG222.cg42260	6	50246.0	51422.0	-0.718588268156	-0.782454168798	-0.576	-0.615	0.362256327631	0.351251662902	0.312	0.312	-0.0797690871611	0.218	0.179
Hmel203003o_460341_496537	Hmel.Hmel203003oG29.pdhb	7	25561.0	26043.0	-0.669104867615	-0.63402780472	-0.515	-0.492	0.395373699149	0.430627833453	0.35	0.386	0.0512959720462	0.252	0.264
Hmel203003o_4615195_4637255	Hmel.Hmel203003oG221.how	7	14994.0	15206.0	-0.661559122632	-0.764574774775	-0.508	-0.579	0.392735143802	0.364799252829	0.346	0.325	-0.0886288964882	0.227	0.17
Hmel203003o_4621196_4643256	Hmel.Hmel203003oG223	6	11648.0	11987.0	-0.635814562862	-0.723820432792	-0.489	-0.5415	0.402830576898	0.377906558975	0.358	0.337	-0.0638136314341	0.239	0.171
Hmel203003o_4656137_4696756	Hmel.Hmel203003oG228.pol	7	21869.0	22587.0	-0.674200654022	-0.708058139535	-0.513	-0.547	0.399849760967	0.393074753173	0.351	0.351	-0.0513369637402	0.227	0.198
Hmel203003o_4715424_4738117	Hmel.Hmel203003oG230	7	14818.0	15096.0	-0.687362274843	-0.728203364913	-0.528	-0.5705	0.394362255746	0.394192333408	0.344	0.351	-0.0609816507684	0.237	0.207
Hmel203003o_4791690_4876535	Hmel.Hmel203003oG234	6	42343.0	43930.0	-0.700797145548	-0.746138149254	-0.554	-0.585	0.376991800981	0.370696063282	0.328	0.333	-0.0551398816299	0.226	0.189
Hmel203003o_486007_513438	Hmel.Hmel203003oG26.sifar	7	17177.0	17634.0	-0.68143296371	-0.63174516496	-0.519	-0.494	0.397810244989	0.436220189879	0.354	0.387	0.0635769536123	0.249	0.269
Hmel203003o_4900724_4936624	Hmel.Hmel203003oG236.mod(mdg4)	7	24223.0	25035.0	-0.695278463476	-0.725876181059	-0.554	-0.565	0.371473438556	0.368543212201	0.321	0.327	-0.0293559416816	0.218	0.192
Hmel203003o_492008_535015	Hmel.Hmel203003oG30.ccp84ab	7	27333.0	28215.0	-0.684064969645	-0.620346906813	-0.53	-0.483	0.399815983058	0.443431523974	0.352	0.396	0.0582619174198	0.251	0.267
Hmel203003o_4956558_5036274	Hmel.Hmel203003oG240.cg9799	7	47460.0	49672.0	-0.673091542226	-0.719742622207	-0.524	-0.568	0.385955935537	0.398163288552	0.341	0.354	-0.0479683121276	0.229	0.207
Hmel203003o_4963998_5066774	Hmel.Hmel203003oG241	6	59995.0	62853.0	-0.67200719246	-0.716349383005	-0.522	-0.569	0.389664164679	0.397760236273	0.343	0.353	-0.0561579399551	0.229	0.204
Hmel203003o_5110790_5169853	Hmel.Hmel203003oG247.or94a	6	35741.0	37281.0	-0.657624551448	-0.727470432708	-0.508	-0.563	0.402092516205	0.394037843299	0.352	0.35	-0.0724525629677	0.236	0.19
Hmel203003o_5166111_5205315	Hmel.Hmel203003oG248	5	19593.0	20977.0	-0.666712976433	-0.668818329379	-0.513	-0.514	0.390071782373	0.4156788248	0.347	0.371	0.00161877294179	0.231	0.226
Hmel203003o_5175855_5217564	Hmel.Hmel203003oG249	7	23047.0	24913.0	-0.655393190757	-0.66080108075	-0.496	-0.507	0.397685332976	0.428663753724	0.354	0.381	-0.00024770200297	0.235	0.228
Hmel203003o_519440_580581	Hmel.Hmel203003oG31.lab	5	41381.0	42401.0	-0.664669545548	-0.625019337373	-0.508	-0.481	0.404025903255	0.43215992859	0.358	0.386	0.0453511473786	0.246	0.252
Hmel203003o_5211317_5289894	Hmel.Hmel203003oG250	7	41039.0	44131.0	-0.664435436086	-0.67582011482	-0.512	-0.547	0.397350294118	0.439956791342	0.352	0.402	-0.0356724751309	0.236	0.208
Hmel203003o_5223566_5297125	Hmel.Hmel203003oG253.tkr86c	6	38871.0	41589.0	-0.676435746951	-0.673341449539	-0.525	-0.549	0.392935730651	0.437472283537	0.347	0.4	-0.0320240688644	0.235	0.209
Hmel203003o_52651_108618	Hmel.Hmel203003oG4	7	36032.0	36892.0	-0.696033705217	-0.643389049706	-0.545	-0.504	0.379653063852	0.412227531148	0.342	0.37	0.0662592974087	0.238	0.2655
Hmel203003o_5317690_5357918	Hmel.Hmel203003oG255	7	27609.0	28225.0	-0.707746520312	-0.736918306986	-0.566	-0.59	0.354744672917	0.35720597177	0.313	0.323	-0.0228786536758	0.219	0.205
Hmel203003o_5323691_5383905	Hmel.Hmel203003oG257.scrib	7	41216.0	41974.0	-0.704273793208	-0.749060677487	-0.557	-0.603	0.356973506161	0.354829935484	0.313	0.32	-0.0356897126793	0.222	0.199
Hmel203003o_5363920_5389906	Hmel.Hmel203003oG259.p5cr	7	17460.0	17782.0	-0.676931738213	-0.737709218819	-0.525	-0.581	0.379005180027	0.37285026006	0.335	0.337	-0.0532743223484	0.235	0.197
Hmel203003o_5414704_5431119	Hmel.Hmel203003oG267.cg7029	7	10293.0	10790.0	-0.666745195288	-0.72680682312	-0.524	-0.573	0.385578321777	0.400027472527	0.342	0.365	-0.0805741427247	0.247	0.18
Hmel203003o_5426966_5487547	Hmel.Hmel203003oG266.cg15890	7	38402.0	39027.0	-0.703679941719	-0.75584738676	-0.56	-0.6	0.357558238636	0.352637962475	0.314	0.32	-0.0549456273862	0.221	0.192
Hmel203003o_5432967_5494736	Hmel.Hmel203003oG269	6	38985.0	39621.0	-0.707293672901	-0.758692647059	-0.56	-0.604	0.355699242998	0.349788485064	0.313	0.318	-0.0497246662124	0.219	0.196
Hmel203003o_5496634_5526180	Hmel.Hmel203003oG270.tau	5	21813.0	22363.0	-0.659762011173	-0.724560322024	-0.508	-0.567	0.382838531359	0.378537020778	0.343	0.345	-0.0503603273264	0.239	0.206
Hmel203003o_5502635_5532181	Hmel.Hmel203003oG273.unc80	4	21815.0	22357.0	-0.659208926081	-0.725613609881	-0.5045	-0.57	0.382336975077	0.376087767695	0.344	0.344	-0.0468133917789	0.242	0.203
Hmel203003o_5528472_5567471	Hmel.Hmel203003oG272	7	23195.0	24140.0	-0.657112089275	-0.639306931916	-0.5	-0.502	0.380209847984	0.421831806568	0.344	0.383	0.0660821872411	0.236	0.261
Hmel203003o_5534473_5573472	Hmel.Hmel203003oG274.cg8516	2	22417.0	23461.0	-0.656709652106	-0.63528680203	-0.503	-0.507	0.37085160111	0.419009201878	0.336	0.378	0.082601551511	0.233	0.266
Hmel203003o_5614982_5643354	Hmel.Hmel203003oG288.eloa	3	19957.0	20256.0	-0.696429846306	-0.766784428631	-0.554	-0.617	0.361439450597	0.351496676599	0.315	0.315	-0.0441747630332	0.229	0.195
Hmel203003o_5623145_5698918	Hmel.Hmel203003oG281.neo	7	53407.0	54029.0	-0.699355101791	-0.790845045716	-0.5585	-0.624	0.350848540392	0.341809694182	0.306	0.307	-0.0525618649244	0.222	0.193
Hmel203003o_5649356_5766331	Hmel.Hmel203003oG289.atg16	7	76851.0	78672.0	-0.693278987424	-0.750922364404	-0.549	-0.589	0.371090263963	0.365823213456	0.324	0.329	-0.0479455587757	0.229	0.197
Hmel203003o_5704920_5781939	Hmel.Hmel203003oG290.dip-kappa	6	47400.0	49065.0	-0.685081194441	-0.726746856005	-0.538	-0.573	0.390286132502	0.385561188753	0.34	0.346	-0.0470748394986	0.231	0.197
Hmel203003o_5805401_5957023	Hmel.Hmel203003oG283	7	93665.0	97607.0	-0.718430511544	-0.750073554789	-0.576	-0.592	0.36991501299	0.36700575026	0.32	0.327	-0.0574539428525	0.216	0.183
Hmel203003o_5960339_5986227	Hmel.Hmel203003oG292	7	17502.0	17872.0	-0.664035100287	-0.699061902594	-0.508	-0.533	0.374618224534	0.381782466093	0.336	0.344	-0.0168212287377	0.243	0.22
Hmel203003o_5966340_5992228	Hmel.Hmel203003oG285.trus	6	16623.0	17092.0	-0.679432260551	-0.69391223276	-0.53	-0.539	0.375712086759	0.391042406402	0.337	0.351	-0.00385010531243	0.248	0.227
Hmel203003o_5993371_6012554	Hmel.Hmel203003oG294.p23-1	6	11467.0	11855.0	-0.680003357583	-0.69087742864	-0.519	-0.53	0.374342962118	0.397475409836	0.336	0.3615	0.0147387600169	0.253	0.246
Hmel203003o_6001426_6018555	Hmel.Hmel203003oG295	7	11220.0	11668.0	-0.664577783996	-0.687687133072	-0.505	-0.533	0.379674339524	0.39903298153	0.344	0.361	0.0182897668838	0.254	0.244
Hmel203003o_6015412_6035716	Hmel.Hmel203003oG300.aip2	5	10934.0	11573.0	-0.670322149482	-0.658738645862	-0.526	-0.538	0.363371904238	0.401589178357	0.332	0.36	0.0727620323166	0.236	0.266
Hmel203003o_6066793_6093870	Hmel.Hmel203003oG306.cg14301	7	10988.0	12250.0	-0.71741392136	-0.594366843501	-0.569	-0.487	0.349723560354	0.438377712264	0.321	0.391	0.120545306122	0.215	0.295
Hmel203003o_6088864_6108393	Hmel.Hmel203003oG305.rnf17	6	11013.0	11277.0	-0.674262138647	-0.713647724593	-0.523	-0.569	0.380092885906	0.385405486072	0.34	0.352	-0.027921166977	0.244	0.219
Hmel203003o_6094865_6130254	Hmel.Hmel203003oG307.cg14304	7	24896.0	25391.0	-0.665220338983	-0.710764229289	-0.51	-0.547	0.387234190911	0.379166655926	0.346	0.344	-0.044683431137	0.241	0.208
Hmel203003o_6114395_6149646	Hmel.Hmel203003oG308.fru	7	23752.0	24033.0	-0.71759537495	-0.722829076121	-0.568	-0.569	0.354139573474	0.352017446177	0.311	0.32	8.60483501852e-05	0.223	0.217
Hmel203003o_6136256_6202876	Hmel.Hmel203003oG309.fru	6	39664.0	42205.0	-0.690924844423	-0.704244206541	-0.551	-0.55	0.364995834869	0.38805106747	0.322	0.346	-0.00841549579434	0.231	0.219
Hmel203003o_6206842_6236528	Hmel.Hmel203003oG311	6	19478.0	20046.0	-0.690328991725	-0.736366829268	-0.538	-0.5845	0.37875710315	0.376935083573	0.328	0.341	-0.078471266088	0.233	0.184
Hmel203003o_6212843_6246323	Hmel.Hmel203003oG312	7	20977.0	21549.0	-0.700987674014	-0.735944954128	-0.553	-0.583	0.374434486187	0.367023836897	0.326	0.333	-0.0681444150541	0.228	0.187
Hmel203003o_6242530_6269157	Hmel.Hmel203003oG313.cg13855	7	16912.0	17178.0	-0.701658823529	-0.707101129277	-0.554	-0.561	0.364777302309	0.364400711427	0.325	0.328	-0.00567848410758	0.223	0.218
Hmel203003o_6252325_6321426	Hmel.Hmel203003oG314.wapl	7	43369.0	44500.0	-0.682708276309	-0.714319461296	-0.531	-0.555	0.372028928983	0.379233973444	0.327	0.339	-0.0258477078652	0.227	0.2
Hmel203003o_6275159_6327427	Hmel.Hmel203003oG316	4	32069.0	32919.0	-0.67692981277	-0.722573617429	-0.527	-0.556	0.382282903851	0.381545713165	0.337	0.342	-0.0387501442936	0.231	0.195
Hmel203003o_6329877_6395249	Hmel.Hmel203003oG318	7	44144.0	44963.0	-0.69183657347	-0.770802638846	-0.543	-0.605	0.362185081286	0.350380075345	0.316	0.312	-0.0559467339813	0.206	0.182
Hmel203003o_6335878_6431816	Hmel.Hmel203003oG319	7	67699.0	69213.0	-0.689297838882	-0.757352243963	-0.542	-0.592	0.364627547203	0.353968211353	0.32	0.317	-0.0456627078728	0.217	0.191
Hmel203003o_6401251_6437817	Hmel.Hmel203003oG320	7	25384.0	26127.0	-0.706074187992	-0.745725907937	-0.563	-0.58	0.357545317571	0.352356163581	0.313	0.315	-0.0283812148352	0.225	0.203
Hmel203003o_6433630_6527305	Hmel.Hmel203003oG321	3	58267.0	58874.0	-0.702943522638	-0.756068316171	-0.557	-0.598	0.357106531842	0.350535463613	0.311	0.316	-0.0437323096783	0.215	0.196
Hmel203003o_6533307_6668150	Hmel.Hmel203003oG322.abd-a	7	90716.0	92171.0	-0.705984721899	-0.773638624385	-0.559	-0.607	0.362169531752	0.352181618537	0.313	0.314	-0.0672756181445	0.21	0.183
Hmel203003o_6580184_6707790	Hmel.Hmel203003oG324	7	86247.0	87601.0	-0.712272609548	-0.790944181022	-0.564	-0.625	0.360387117469	0.347072385269	0.312	0.309	-0.0858106642618	0.205	0.177
Hmel203003o_660927_706834	Hmel.Hmel203003oG40	2	30030.0	30820.0	-0.666733751425	-0.649639771675	-0.516	-0.509	0.411128678355	0.438979110663	0.361	0.396	-0.0189331278391	0.25	0.23
Hmel203003o_6674152_6713791	Hmel.Hmel203003oG325.ubx	7	27712.0	28327.0	-0.715210635284	-0.784598887294	-0.559	-0.617	0.363532452118	0.355337659314	0.316	0.319	-0.0931197444135	0.211	0.173
Hmel203003o_6712186_6771433	Hmel.Hmel203003oG326	7	39918.0	40493.0	-0.740189550233	-0.81916597772	-0.588	-0.645	0.341918876297	0.329496567506	0.29	0.285	-0.075384782555	0.199	0.18
Hmel203003o_675034_712835	Hmel.Hmel203003oG41.cg33635	1	26320.0	27016.0	-0.659405655306	-0.652710985257	-0.509	-0.511	0.406144838122	0.436962685628	0.359	0.392	-0.0117169825289	0.25	0.233
Hmel203003o_6777435_6869328	Hmel.Hmel203003oG328	6	62385.0	63535.0	-0.725425327637	-0.779704682939	-0.58	-0.615	0.358867738365	0.349182349108	0.307	0.308	-0.0708343432754	0.199	0.176
Hmel203003o_6834531_6903834	Hmel.Hmel203003oG329	6	46486.0	47620.0	-0.700662330135	-0.755914092717	-0.546	-0.592	0.370382893504	0.365760174965	0.319	0.327	-0.0666332423352	0.211	0.177
Hmel203003o_6875330_6913849	Hmel.Hmel203003oG330	7	25636.0	26106.0	-0.716917220903	-0.7885430255	-0.568	-0.627	0.362612279275	0.348818791121	0.315	0.312	-0.0800118363595	0.21	0.177
Hmel203003o_6909836_6933403	Hmel.Hmel203003oG331.antp	7	16008.0	16360.0	-0.75264908953	-0.815776883562	-0.604	-0.644	0.34843423994	0.333178897338	0.298	0.29	-0.076961797066	0.192	0.176
Hmel203003o_6919851_6966151	Hmel.Hmel203003oG332	7	31480.0	32018.0	-0.715424859617	-0.794609486102	-0.567	-0.626	0.3702363515	0.349017666225	0.319	0.31	-0.0930314822912	0.205	0.174
Hmel203003o_6939405_7064802	Hmel.Hmel203003oG333	7	83929.0	85375.0	-0.717381610466	-0.789595238834	-0.572	-0.622	0.358441930486	0.344612611935	0.306	0.304	-0.0834171713031	0.205	0.176
Hmel203003o_7070804_7105841	Hmel.Hmel203003oG335.antp	3	24691.0	25422.0	-0.699466510812	-0.749859375	-0.546	-0.569	0.381424454636	0.368172632266	0.331	0.329	-0.0765421682008	0.204	0.172
Hmel203003o_7097759_7161059	Hmel.Hmel203003oG336.scr	7	45099.0	46065.0	-0.687952660054	-0.756013110583	-0.538	-0.586	0.381296419031	0.366694047449	0.332	0.329	-0.0738829045913	0.213	0.178
Hmel203003o_7111843_7202567	Hmel.Hmel203003oG337	6	60867.0	62899.0	-0.687318201346	-0.754961105224	-0.535	-0.584	0.384184453129	0.371586050241	0.335	0.332	-0.0847533983052	0.215	0.172
Hmel203003o_712597_757746	Hmel.Hmel203003oG42.cg12338	5	25619.0	26531.0	-0.670382943329	-0.632029155366	-0.513	-0.507	0.406391880496	0.432634478929	0.36	0.391	0.0183422411519	0.253	0.254
Hmel203003o_7167061_7208568	Hmel.Hmel203003oG339	5	26452.0	27716.0	-0.676193616081	-0.749571416411	-0.516	-0.576	0.389153293482	0.387142034068	0.342	0.343	-0.0946774787127	0.221	0.167
Hmel203003o_7205653_7258003	Hmel.Hmel203003oG338.dfd	7	33985.0	35083.0	-0.691640947028	-0.728521172191	-0.535	-0.561	0.389504023738	0.385591946178	0.338	0.342	-0.0771319442465	0.219	0.174
Hmel203003o_7211654_7264004	Hmel.Hmel203003oG340.hoxa3	6	33916.0	35087.0	-0.69235134211	-0.723682244279	-0.536	-0.5525	0.392265820506	0.386903348073	0.341	0.343	-0.0723087753299	0.222	0.175
Hmel203003o_7276927_7306162	Hmel.Hmel203003oG345.hoxb3a	7	20132.0	20667.0	-0.697397643594	-0.774363927049	-0.538	-0.599	0.382089117074	0.369510185715	0.326	0.33	-0.0978470992403	0.215	0.169
Hmel203003o_7282928_7322000	Hmel.Hmel203003oG346.pb	5	26270.0	27156.0	-0.69737397125	-0.766641438875	-0.536	-0.6	0.376811913505	0.371530172684	0.323	0.33	-0.099187361909	0.203	0.1675
Hmel203003o_7312164_7359180	Hmel.Hmel203003oG352	6	30518.0	31398.0	-0.714911914607	-0.777316182766	-0.56	-0.616	0.364486356181	0.359972454315	0.314	0.32	-0.105367603032	0.203	0.168
Hmel203003o_7328002_7365181	Hmel.Hmel203003oG347.cg6523	6	23604.0	24156.0	-0.713696820247	-0.781178400256	-0.56	-0.618	0.36067557708	0.354000067719	0.311	0.316	-0.0872232571618	0.21	0.173
Hmel203003o_7362503_7377790	Hmel.Hmel203003oG353.pfdn5	7	10866.0	11089.0	-0.653354726101	-0.670870574443	-0.5095	-0.513	0.397283113974	0.401429806565	0.357	0.362	-0.0109934168996	0.255	0.231
Hmel203003o_7368504_7383791	Hmel.Hmel203003oG610	7	10446.0	10742.0	-0.665745390694	-0.642351310099	-0.518	-0.494	0.384986342296	0.397773748348	0.347	0.36	0.0171433625023	0.248	0.237
Hmel203003o_7395574_7422948	Hmel.Hmel203003oG357.pfdn6	7	19506.0	19925.0	-0.699495953581	-0.738037365177	-0.55	-0.5615	0.382251601451	0.378783389635	0.34	0.344	-0.0577435884567	0.233	0.205
Hmel203003o_7403017_7441698	Hmel.Hmel203003oG358.cysu	7	25471.0	26396.0	-0.693569043321	-0.73932046541	-0.544	-0.568	0.392273980851	0.388393363381	0.347	0.351	-0.0852754962873	0.232	0.187
Hmel203003o_7428950_7447699	Hmel.Hmel203003oG359	5	10563.0	11112.0	-0.696253644315	-0.709446775618	-0.546	-0.554	0.396021354934	0.391339611179	0.349	0.353	-0.0572169726422	0.23	0.196
Hmel203003o_7477181_7491884	Hmel.Hmel203003oG366.cg11836	5	10332.0	10792.0	-0.682096451059	-0.684163984138	-0.526	-0.506	0.385674027493	0.40151206764	0.337	0.365	-0.0297604707191	0.23	0.196
Hmel203003o_7537870_7559645	Hmel.Hmel203003oG375	7	10333.0	11405.0	-0.686799552072	-0.689762868015	-0.5345	-0.545	0.386552433072	0.421573300062	0.338	0.37	-0.0649590530469	0.226	0.181
Hmel203003o_7566505_7673221	Hmel.Hmel203003oG381	7	61540.0	64416.0	-0.693062389401	-0.681100119098	-0.54	-0.533	0.383220652642	0.414428582593	0.339	0.372	-0.0282489598857	0.223	0.209
Hmel203003o_7679223_7724823	Hmel.Hmel203003oG383	4	22541.0	23249.0	-0.690013506876	-0.689332505433	-0.542	-0.525	0.399900951587	0.408987487119	0.35	0.366	-0.0475081078756	0.224	0.197
Hmel203003o_7705259_7771613	Hmel.Hmel203003oG384	7	32821.0	34743.0	-0.702332664106	-0.670902988186	-0.551	-0.521	0.390654107185	0.416357588562	0.343	0.369	-0.0339685116426	0.223	0.203
Hmel203003o_7730825_7799564	Hmel.Hmel203003oG378	3	32395.0	34456.0	-0.701046534924	-0.662304624857	-0.558	-0.519	0.386533482768	0.42096729793	0.34	0.375	-0.0181766020432	0.226	0.208
Hmel203003o_7777615_7807004	Hmel.Hmel203003oG379	1	13594.0	14109.0	-0.725915342809	-0.666108312786	-0.571	-0.525	0.391473779796	0.421630055747	0.347	0.378	-0.0161173718903	0.226	0.208
Hmel203003o_7890865_7910208	Hmel.Hmel203003oG386.cg7896	1	11901.0	12353.0	-0.692587422935	-0.6856972103	-0.534	-0.52	0.383679199592	0.397727544521	0.34	0.359	-0.0109796000971	0.231	0.218
Hmel203003o_7896866_7916209	Hmel.Hmel203003oG388.at5g	5	11545.0	11910.0	-0.715148634724	-0.689733098769	-0.567	-0.53	0.361255904998	0.382297188249	0.32	0.345	0.0241436607893	0.223	0.234
Hmel203003o_7914279_7933978	Hmel.Hmel203003oG394.cg12054	7	12019.0	12240.0	-0.697243129487	-0.676847020531	-0.563	-0.532	0.356361528822	0.39252643706	0.325	0.352	0.0435821895425	0.221	0.247
Hmel203003o_7920280_7939979	Hmel.Hmel203003oG389.rpl15	6	11608.0	11811.0	-0.707493695441	-0.636928178316	-0.5505	-0.5	0.365894708712	0.411885288003	0.335	0.369	0.0891871137076	0.221	0.278
Hmel203003o_7942915_7960295	Hmel.Hmel203003oG390	1	10960.0	11563.0	-0.664821233411	-0.620014992109	-0.517	-0.49	0.376338766334	0.420568483443	0.339	0.379	0.0784169333218	0.241	0.259
Hmel203003o_7957590_7981123	Hmel.Hmel203003oG396.tmub2	4	17081.0	17352.0	-0.693967093561	-0.686481955556	-0.554	-0.535	0.344925560695	0.382660782809	0.307	0.347	0.036076648225	0.218	0.247
Hmel203003o_7963591_8013996	Hmel.Hmel203003oG392.fer	6	35590.0	36284.0	-0.691718539136	-0.715296202931	-0.55	-0.563	0.366154756889	0.374345909284	0.324	0.34	-0.00686666299195	0.226	0.223
Hmel203003o_7987125_8023896	Hmel.Hmel203003oG397.eif4b	5	26155.0	26523.0	-0.677316023739	-0.729390248878	-0.533	-0.5865	0.383064911171	0.378868114122	0.336	0.343	-0.0307901066998	0.232	0.214
Hmel203003o_802520_828105	Hmel.Hmel203003oG48.tim17b	7	16679.0	17161.0	-0.646260783668	-0.647733992625	-0.493	-0.5	0.391172277228	0.428221795444	0.351	0.381	0.054167123128	0.231	0.261
Hmel203003o_8033445_8073338	Hmel.Hmel203003oG399	1	24569.0	25269.0	-0.674861835974	-0.670147271183	-0.527	-0.512	0.385069314983	0.404392972052	0.345	0.361	0.00390146028731	0.228	0.223
Hmel203003o_8045915_8079614	Hmel.Hmel203003oG402	5	22830.0	23234.0	-0.686249837852	-0.682892736169	-0.539	-0.524	0.3642187686	0.384082356024	0.325	0.344	0.0180300852199	0.224	0.231
Hmel203003o_808521_834106	Hmel.Hmel203003oG51.gst1	3	17132.0	17723.0	-0.640245625405	-0.627457767843	-0.485	-0.488	0.399976824818	0.441755584642	0.358	0.392	0.063914179315	0.241	0.267
Hmel203003o_8131139_8185168	Hmel.Hmel203003oG426	6	37015.0	38606.0	-0.680593371059	-0.677280021219	-0.532	-0.526	0.387477094745	0.420532624867	0.342	0.377	-0.0083155468062	0.238	0.229
Hmel203003o_8143827_8217416	Hmel.Hmel203003oG407.sclxb	5	50308.0	51767.0	-0.684902378563	-0.681344295157	-0.54	-0.525	0.378590319197	0.405322765619	0.337	0.363	0.0178616299959	0.234	0.237
Hmel203003o_8191170_8223417	Hmel.Hmel203003oG408.beta-phers	7	21597.0	21799.0	-0.69028416214	-0.691685697115	-0.554	-0.541	0.360057358857	0.378574060622	0.323	0.341	0.0517861828524	0.227	0.244
Hmel203003o_8212116_8235506	Hmel.Hmel203003oG427.cg45050	6	13725.0	13912.0	-0.688005464481	-0.713818101933	-0.55	-0.57	0.348447431694	0.374321047009	0.309	0.336	0.0182824180564	0.214	0.232
Hmel203003o_8218117_8241507	Hmel.Hmel203003oG409.gfzf	7	13754.0	13946.0	-0.67160013248	-0.670926369863	-0.528	-0.523	0.361069701897	0.389665193013	0.321	0.349	0.0343601749606	0.23	0.245
Hmel203003o_8237659_8259754	Hmel.Hmel203003oG429	6	15058.0	15528.0	-0.631532066508	-0.671752085419	-0.48	-0.51	0.391267639416	0.41343507447	0.349	0.368	-0.00546058732612	0.245	0.23
Hmel203003o_8243660_8265755	Hmel.Hmel203003oG410.mod(mdg4)	4	14185.0	14738.0	-0.63120153114	-0.693523674084	-0.479	-0.531	0.389701240376	0.417343910512	0.346	0.374	-0.0331687474556	0.24	0.219
Hmel203003o_8266343_8281670	Hmel.Hmel203003oG411	7	10560.0	10685.0	-0.695596426546	-0.69750955593	-0.565	-0.549	0.357461046346	0.366870632805	0.3185	0.33	0.0124424894712	0.219	0.225
Hmel203003o_8293846_8327743	Hmel.Hmel203003oG414	6	23617.0	24215.0	-0.645339401134	-0.663718675275	-0.495	-0.505	0.388230543777	0.395494164406	0.35	0.359	0.0296359694404	0.253	0.246
Hmel203003o_829484_845385	Hmel.Hmel203003oG50.cg34133	4	11356.0	11628.0	-0.67961475827	-0.635471978558	-0.523	-0.493	0.386616482629	0.427737240829	0.348	0.384	0.0524869281046	0.243	0.262
Hmel203003o_8304949_8333744	Hmel.Hmel203003oG432	5	20509.0	20810.0	-0.633094146047	-0.658454851847	-0.484	-0.49	0.395953461566	0.405604573015	0.359	0.366	0.0414927438731	0.256	0.255
Hmel203003o_8331288_8362634	Hmel.Hmel203003oG433	7	18972.0	19547.0	-0.644517526455	-0.634890449438	-0.5005	-0.482	0.381139972145	0.420866385043	0.346	0.381	0.0555346600501	0.248	0.264
Hmel203003o_8337289_8368635	Hmel.Hmel203003oG415	5	18607.0	19267.0	-0.650648876879	-0.632415198407	-0.505	-0.488	0.377704556204	0.419438540031	0.344	0.377	0.0631065033477	0.25	0.268
Hmel203003o_835485_859060	Hmel.Hmel203003oG52	3	15570.0	16033.0	-0.672285120846	-0.635659910684	-0.531	-0.4895	0.3939623321	0.422720791303	0.354	0.377	0.0383951849311	0.249	0.252
Hmel203003o_8364032_8379102	Hmel.Hmel203003oG416	6	11030.0	11234.0	-0.642474519632	-0.621620455779	-0.5	-0.468	0.402634090604	0.417024774775	0.36	0.372	0.0762337546733	0.265	0.282
Hmel203003o_8373889_8393943	Hmel.Hmel203003oG435	3	13577.0	14253.0	-0.640473104342	-0.636061090038	-0.499	-0.499	0.396561130979	0.417976200779	0.355	0.373	0.0475508314039	0.25	0.264
Hmel203003o_8379890_8407784	Hmel.Hmel203003oG417	7	18108.0	19080.0	-0.644107465135	-0.640030485058	-0.503	-0.496	0.394554149671	0.415338298044	0.352	0.37	0.0470101677149	0.2525	0.26
Hmel203003o_8430185_8473328	Hmel.Hmel203003oG436	6	24363.0	26146.0	-0.64494360998	-0.629751734852	-0.499	-0.5	0.397539589265	0.432899157116	0.354	0.385	0.0404913562304	0.263	0.268
Hmel203003o_8522506_8548546	Hmel.Hmel203003oG443	7	13739.0	14472.0	-0.675536585366	-0.640798859935	-0.537	-0.5185	0.367732578209	0.408340167364	0.33	0.369	0.0522476506357	0.239	0.266
Hmel203003o_8634391_8658660	Hmel.Hmel203003oG459	4	16249.0	16595.0	-0.649881828528	-0.619792032164	-0.509	-0.481	0.386249066229	0.416507506968	0.348	0.373	0.0748003012956	0.253	0.279
Hmel203003o_8664647_8716107	Hmel.Hmel203003oG462	6	32786.0	34625.0	-0.642616787675	-0.663645809607	-0.488	-0.516	0.419886795087	0.429328510509	0.369	0.384	-0.0418578483755	0.249	0.214
Hmel203003o_868448_937579	Hmel.Hmel203003oG56	4	38361.0	39516.0	-0.672153277932	-0.647092672125	-0.5225	-0.508	0.399710703726	0.41939270334	0.351	0.372	0.0172071312886	0.247	0.242
Hmel203003o_8722109_8792249	Hmel.Hmel203003oG464	5	47833.0	49260.0	-0.643053513096	-0.659743341523	-0.492	-0.503	0.421889179249	0.433070044967	0.37	0.387	-0.0183865611043	0.246	0.221
Hmel203003o_8782715_8833556	Hmel.Hmel203003oG465.f52c9.6	5	33513.0	34727.0	-0.6505925769	-0.667948341837	-0.496	-0.511	0.408799419676	0.426835605142	0.361	0.38	-0.0180514009272	0.236	0.217
Hmel203003o_8798251_8846506	Hmel.Hmel203003oG466	7	28461.0	29588.0	-0.656879623953	-0.667369209249	-0.501	-0.516	0.405199410977	0.429259019214	0.358	0.381	-0.021170981479	0.236	0.211
Hmel203003o_8860452_8888701	Hmel.Hmel203003oG470	3	17454.0	18029.0	-0.664136898755	-0.664734118637	-0.5145	-0.509	0.401817431352	0.422244081483	0.357	0.381	-0.0076877807976	0.243	0.223
Hmel203003o_8866453_8894702	Hmel.Hmel203003oG473.cg31076	4	17862.0	18449.0	-0.665129304743	-0.656579367263	-0.513	-0.499	0.40541739279	0.420706234905	0.361	0.38	-0.00380817388476	0.247	0.227
Hmel203003o_8930197_8949661	Hmel.Hmel203003oG477.fa2h	5	13321.0	13543.0	-0.690873044256	-0.639965302491	-0.555	-0.505	0.372055612072	0.404275229358	0.337	0.367	0.0576086539172	0.241	0.257
Hmel203003o_8953191_8977136	Hmel.Hmel203003oG481.eif4ehp	6	14872.0	15784.0	-0.683931133704	-0.632837727442	-0.533	-0.494	0.362923387514	0.420468840162	0.324	0.377	0.0610473264065	0.209	0.246
Hmel203003o_8959192_8983137	Hmel.Hmel203003oG483.cg13827	7	14942.0	15778.0	-0.687477864336	-0.632486231611	-0.529	-0.494	0.367656679409	0.416906548301	0.329	0.373	0.0642712004056	0.209	0.25
Hmel203003o_8986751_9025444	Hmel.Hmel203003oG485.cg31106	7	24339.0	25503.0	-0.642071124764	-0.671666699693	-0.492	-0.521	0.400475779528	0.428466645036	0.356	0.385	-0.00691922518919	0.242	0.234
Hmel203003o_9087770_9133089	Hmel.Hmel203003oG494.cg17556	6	28017.0	29415.0	-0.678001426221	-0.647233637987	-0.533	-0.517	0.362079938631	0.405641033374	0.323	0.366	0.064919836818	0.23	0.255
Hmel203003o_9133889_9150738	Hmel.Hmel203003oG496.mcm3	6	10574.0	10962.0	-0.667811688312	-0.599301481705	-0.5155	-0.482	0.371192832765	0.425389941215	0.34	0.389	0.116262543332	0.24	0.295
Hmel203003o_9188743_9214575	Hmel.Hmel203003oG519	7	14196.0	14365.0	-0.636200638298	-0.640361975924	-0.4815	-0.4815	0.393059288121	0.404009427045	0.354	0.369	0.0537287852419	0.254	0.26
Hmel203003o_9194744_9222066	Hmel.Hmel203003oG504.lsd-1	6	15618.0	16014.0	-0.643726574501	-0.653860213205	-0.4875	-0.499	0.395993563881	0.411463228084	0.355	0.375	0.0245567003872	0.253	0.25
Hmel203003o_9225028_9244378	Hmel.Hmel203003oG506.cg31140	7	12300.0	12775.0	-0.653135189365	-0.643449501812	-0.498	-0.503	0.383146156622	0.408581648523	0.349	0.373	0.0449206262231	0.251	0.256
Hmel203003o_9243132_9272502	Hmel.Hmel203003oG522	3	18754.0	19151.0	-0.673094366419	-0.669087567244	-0.532	-0.524	0.381034710478	0.398997672365	0.345	0.361	0.0257729622474	0.235	0.24
Hmel203003o_9249133_9279658	Hmel.Hmel203003oG523	6	19110.0	19557.0	-0.670046657047	-0.667112779603	-0.527	-0.517	0.37638444807	0.399202597995	0.341	0.3595	0.0506340952089	0.24	0.251
Hmel203003o_9288889_9306803	Hmel.Hmel203003oG508	4	11650.0	11813.0	-0.663983668005	-0.635217165899	-0.517	-0.493	0.365971320278	0.381508692003	0.331	0.344	0.0826792516719	0.24	0.257
Hmel203003o_9309865_9348089	Hmel.Hmel203003oG510.cg31106	5	19714.0	20736.0	-0.650411954023	-0.593526793964	-0.499	-0.479	0.379975434074	0.446984412302	0.341	0.404	0.121122154707	0.235	0.289
Hmel203003o_9344442_9366861	Hmel.Hmel203003oG526	7	13259.0	14078.0	-0.650754077253	-0.633929251406	-0.498	-0.506	0.376832887545	0.42048286802	0.341	0.375	0.0743049438841	0.232	0.265
Hmel203003o_9350443_9372862	Hmel.Hmel203003oG512	6	12991.0	13486.0	-0.666430181175	-0.622638949672	-0.507	-0.502	0.377038865918	0.423884882108	0.342	0.383	0.10471296159	0.239	0.287
Hmel203003o_9381843_9396507	Hmel.Hmel203003oG527.tango10	7	10095.0	10260.0	-0.690034450938	-0.645192013889	-0.535	-0.522	0.350830362361	0.382523170732	0.313	0.347	0.0940417153996	0.226	0.261
Hmel203003o_9387844_9402508	Hmel.Hmel203003oG517.cg31122	7	10128.0	10210.0	-0.70665482866	-0.66402936747	-0.558	-0.529	0.34144189072	0.366575589092	0.303	0.331	0.0984769833497	0.219	0.253
Hmel203003o_9400242_9453347	Hmel.Hmel203003oG528	7	34245.0	34780.0	-0.69464428584	-0.656355037635	-0.544	-0.504	0.365065469951	0.397198669642	0.329	0.359	0.0631694364577	0.232	0.254
Hmel203003o_9406243_9459625	Hmel.Hmel203003oG529.apc	1	35301.0	35892.0	-0.694513554727	-0.657536305732	-0.544	-0.507	0.369855598587	0.400098851433	0.333	0.361	0.0531230914967	0.231	0.25
Hmel203003o_943581_1032788	Hmel.Hmel203003oG58.cg10469	7	56297.0	57726.0	-0.661539837737	-0.657893558185	-0.507	-0.509	0.411715395614	0.416954187344	0.36	0.371	0.00621957177009	0.25	0.233
Hmel203003o_9520097_9540735	Hmel.Hmel203003oG537	1	10929.0	11461.0	-0.654878738884	-0.645815157116	-0.515	-0.518	0.397066916043	0.43164334782	0.353	0.389	0.0247643312102	0.247	0.251
Hmel203003o_9546737_9579746	Hmel.Hmel203003oG545.cg31106	6	21489.0	22174.0	-0.655545763598	-0.639140903955	-0.491	-0.491	0.407696264721	0.443302461723	0.358	0.4	0.0112819067376	0.244	0.232
Hmel203003o_9579240_9620011	Hmel.Hmel203003oG541.cg31272	2	23121.0	24851.0	-0.686889915035	-0.646387790461	-0.54	-0.515	0.3924988	0.448191834563	0.348	0.4	0.0160154520945	0.236	0.239
Hmel203003o_9585748_9660131	Hmel.Hmel203003oG542.ato	4	48094.0	49932.0	-0.658102822946	-0.665382573039	-0.504	-0.515	0.400764254699	0.418280487805	0.356	0.375	-0.00514069134022	0.241	0.219
Hmel203003o_9626013_9672711	Hmel.Hmel203003oG543	5	32535.0	33222.0	-0.636239090065	-0.668090916167	-0.489	-0.513	0.40556963014	0.404371386503	0.359	0.363	-0.0103514839564	0.248	0.215
Hmel203003o_9666133_9689684	Hmel.Hmel203003oG544.pol	1	15031.0	15472.0	-0.652311222522	-0.637797091531	-0.505	-0.491	0.408278821737	0.433039680066	0.362	0.386	0.0284998061013	0.25	0.246
Hmel203003o_9743821_9819672	Hmel.Hmel203003oG549.cad87a	7	48028.0	49868.0	-0.67739576424	-0.630346910473	-0.523	-0.491	0.404076456665	0.438028125925	0.358	0.394	0.020923096976	0.244	0.245
Hmel203003o_9749822_9844689	Hmel.Hmel203003oG550.cg40006	4	54393.0	56870.0	-0.678501824057	-0.6209445047	-0.529	-0.489	0.399595966482	0.446599677624	0.355	0.403	0.0312204325655	0.244	0.255
Hmel203003o_9825674_9858742	Hmel.Hmel203003oG551.iyd	5	15240.0	16255.0	-0.69840797915	-0.604774418237	-0.558	-0.496	0.375599200156	0.463302575971	0.333	0.422	0.0482276837896	0.245	0.274
Hmel203003o_9862209_9882013	Hmel.Hmel203003oG552	3	12929.0	13215.0	-0.631322611164	-0.640873600345	-0.4755	-0.5035	0.394699115044	0.409840742037	0.355	0.373	0.0405999243284	0.255	0.251
Hmel203003o_9868210_9888014	Hmel.Hmel203003oG554	5	13814.0	14106.0	-0.641189935426	-0.617682682478	-0.494	-0.475	0.397268583074	0.424762452523	0.357	0.384	0.063313483624	0.257	0.268
Hmel203003o_9884505_9988069	Hmel.Hmel203003oG555	5	67921.0	69114.0	-0.673154439332	-0.619272495322	-0.521	-0.475	0.384878197485	0.422010746085	0.348	0.378	0.0677147032439	0.241	0.264
Hmel203003o_9890506_9996645	Hmel.Hmel203003oG556.igdcc4	7	69669.0	70918.0	-0.674259409716	-0.617342470361	-0.522	-0.472	0.382798946097	0.423306479674	0.346	0.379	0.0742713133478	0.24	0.269
Hmel220003o_101420_177891	Hmel.Hmel220003oG7.madm	3	48286.0	49706.0	-0.688795471327	-0.627536425884	-0.532	-0.497	0.37243890866	0.422898432602	0.339	0.384	0.0803120347644	0.238	0.279
Hmel220003o_112098_183892	Hmel.Hmel220003oG10.pbk	6	44165.0	45312.0	-0.683951234318	-0.625087084216	-0.528	-0.488	0.373565424861	0.423022562029	0.34	0.384	0.0843623102048	0.241	0.281
Hmel220003o_220836_273160	Hmel.Hmel220003oG12.cg31612	7	34957.0	35690.0	-0.667425517122	-0.651367356612	-0.516	-0.488	0.391603598994	0.402884291421	0.347	0.36	0.0289779490053	0.248	0.241
Hmel220003o_230804_343021	Hmel.Hmel220003oG13	5	72382.0	73773.0	-0.660925878778	-0.644001273492	-0.508	-0.488	0.393135498647	0.409951107397	0.35	0.365	0.0397469941578	0.246	0.248
Hmel220003o_352399_507924	Hmel.Hmel220003oG17	7	111952.0	113490.0	-0.6791721811	-0.656991273449	-0.523	-0.503	0.383812287199	0.393331232716	0.339	0.351	0.039114618028	0.231	0.239
Hmel220003o_496750_518514	Hmel.Hmel220003oG14.tio	6	15140.0	15343.0	-0.671182063645	-0.692018389114	-0.512	-0.525	0.389919136113	0.394983038869	0.347	0.356	0.00971850355211	0.228	0.228
Hmel220003o_513926_547164	Hmel.Hmel220003oG18	5	22869.0	23331.0	-0.66350052356	-0.66608633345	-0.505	-0.502	0.392867817979	0.398736235422	0.346	0.355	0.00700968668295	0.235	0.221
Hmel220003o_524516_553165	Hmel.Hmel220003oG19	5	18611.0	18971.0	-0.671991664045	-0.659888195311	-0.518	-0.506	0.394649473598	0.397035368135	0.345	0.354	-0.00459670022666	0.232	0.213
Hmel220003o_548100_608564	Hmel.Hmel220003oG20.lorf2	7	35835.0	36531.0	-0.666182087639	-0.650253358071	-0.51	-0.491	0.396907331278	0.40957980569	0.348	0.363	0.0186446579617	0.234	0.227
Hmel220003o_614566_639116	Hmel.Hmel220003oG22	7	13369.0	13609.0	-0.665654832752	-0.644853886854	-0.512	-0.495	0.403791313559	0.4193573318	0.355	0.371	0.03508707473	0.228	0.24
Hmel220003o_637500_680183	Hmel.Hmel220003oG24	3	28789.0	29479.0	-0.658570552774	-0.680025416549	-0.502	-0.514	0.39344405852	0.395049798473	0.341	0.351	0.0076376064317	0.224	0.217
Hmel220003o_643501_686184	Hmel.Hmel220003oG25	5	28644.0	29276.0	-0.659371212121	-0.687296894292	-0.502	-0.52	0.388117424242	0.390459966928	0.337	0.346	0.0028488864599	0.225	0.214
Hmel220003o_688397_725514	Hmel.Hmel220003oG27	1	24930.0	25599.0	-0.671925943679	-0.667334223457	-0.511	-0.506	0.387200301477	0.397120157665	0.337	0.353	0.00783065744756	0.228	0.208
Hmel220003o_702460_761471	Hmel.Hmel220003oG28.psf2	6	38700.0	39460.0	-0.670900146729	-0.693039061958	-0.523	-0.522	0.386680711429	0.38590497864	0.339	0.344	-0.00818575772935	0.232	0.214
Hmel220003o_731516_798713	Hmel.Hmel220003oG29.traf4	7	47929.0	48732.0	-0.664381201201	-0.695107877254	-0.5105	-0.525	0.403404264842	0.393242424242	0.354	0.351	-0.0303324714766	0.237	0.212
Hmel220003o_767473_819141	Hmel.Hmel220003oG30	7	36318.0	37019.0	-0.653200363292	-0.678570674061	-0.499	-0.516	0.415312817044	0.402917885881	0.364	0.36	-0.039592911748	0.243	0.208
